"","Age_month","B","W","D","N","TE","Du","Nu","C"
"Age_month",1,0.240743584755581,0.647775558451106,0.686531886317422,0.449861849354727,0.476012002203186,0.644009905503057,0.187460532240989,0.685999647861753
"B",0.240743584755581,1,0.0661074096641305,0.290622211268551,-0.347719367064861,-0.253819479548658,0.584179019267596,-0.62746194918851,0.211945281526267
"W",0.647775558451106,0.0661074096641305,1,0.961214061999598,0.870469798527482,0.903927458532052,0.739194551319974,0.435222281874542,0.979643822418586
"D",0.686531886317422,0.290622211268551,0.961214061999598,1,0.700951346326072,0.757029232242959,0.89449502553698,0.22725420720979,0.994141257685816
"N",0.449861849354727,-0.347719367064861,0.870469798527482,0.700951346326072,1,0.986437977196547,0.315116820295117,0.719878696243012,0.75906546803052
"TE",0.476012002203186,-0.253819479548658,0.903927458532052,0.757029232242959,0.986437977196547,1,0.385046673046204,0.596189981746221,0.799671774562029
"Du",0.644009905503057,0.584179019267596,0.739194551319974,0.89449502553698,0.315116820295117,0.385046673046204,1,-0.0869494455359646,0.857041297463923
"Nu",0.187460532240989,-0.62746194918851,0.435222281874542,0.22725420720979,0.719878696243012,0.596189981746221,-0.0869494455359646,1,0.331183360595849
"C",0.685999647861753,0.211945281526267,0.979643822418586,0.994141257685816,0.75906546803052,0.799671774562029,0.857041297463923,0.331183360595849,1
